<?xml version="1.0" encoding="UTF-8"?>

<mule xmlns:dw="http://www.mulesoft.org/schema/mule/ee/dw" xmlns:http="http://www.mulesoft.org/schema/mule/http" xmlns="http://www.mulesoft.org/schema/mule/core" xmlns:doc="http://www.mulesoft.org/schema/mule/documentation"
	xmlns:spring="http://www.springframework.org/schema/beans" 
	xmlns:xsi="http://www.w3.org/2001/XMLSchema-instance"
	xsi:schemaLocation="http://www.springframework.org/schema/beans http://www.springframework.org/schema/beans/spring-beans-current.xsd
http://www.mulesoft.org/schema/mule/core http://www.mulesoft.org/schema/mule/core/current/mule.xsd
http://www.mulesoft.org/schema/mule/http http://www.mulesoft.org/schema/mule/http/current/mule-http.xsd
http://www.mulesoft.org/schema/mule/ee/dw http://www.mulesoft.org/schema/mule/ee/dw/current/dw.xsd">
    <http:listener-config name="HTTP_Listener_Configuration" host="0.0.0.0" port="8081" basePath="/timezone" doc:name="HTTP Listener Configuration"/>
    <http:request-config name="HTTP_Request_Configuration" host="worldtimeapi.org" port="80" basePath="/timezone" doc:name="HTTP Request Configuration"/>
    <flow name="worldtime-zone-appFlow">
        <http:listener config-ref="HTTP_Listener_Configuration" path="/{region}/{city}" doc:name="HTTP"/>
        <logger message="world tim api is calling......." level="INFO" doc:name="Logger"/>
        <http:request config-ref="HTTP_Request_Configuration" path="/{region}/{city}" method="GET" doc:name="HTTP">
            <http:request-builder>
                <http:uri-param paramName="city" value="#[message.inboundProperties.'http.uri.params'.city]"/>
                <http:uri-param paramName="region" value="#[message.inboundProperties.'http.uri.params'.region]"/>
            </http:request-builder>
        </http:request>
        <dw:transform-message doc:name="Transform Message">
            <dw:set-payload><![CDATA[%dw 1.0
%output application/json
---
payload]]></dw:set-payload>
        </dw:transform-message>
        <set-payload value="#[payload]" doc:name="Set Payload"/>
    </flow>
</mule>
